name,n_nodes,p_f,seed,n_shells,max_shell,mean_degree,shell_sizes
NCP1/p_f=0.35/n=500/seed=0,500,0.35,0,9,9,5.984,"{""9"": 38, ""7"": 17, ""8"": 21, ""4"": 57, ""6"": 25, ""5"": 32, ""3"": 51, ""2"": 125, ""1"": 134}"
NCP1/p_f=0.35/n=500/seed=1,500,0.35,1,7,7,5.284,"{""7"": 35, ""5"": 54, ""6"": 31, ""3"": 79, ""4"": 60, ""2"": 103, ""1"": 138}"
NCP1/p_f=0.35/n=500/seed=2,500,0.35,2,8,8,5.6,"{""6"": 49, ""8"": 33, ""7"": 6, ""4"": 72, ""2"": 113, ""3"": 60, ""5"": 33, ""1"": 134}"
NCP1/p_f=0.35/n=500/seed=3,500,0.35,3,10,10,5.3,"{""10"": 16, ""7"": 17, ""3"": 62, ""5"": 40, ""9"": 2, ""4"": 59, ""2"": 135, ""6"": 35, ""1"": 133, ""8"": 1}"
NCP1/p_f=0.35/n=500/seed=4,500,0.35,4,8,8,5.708,"{""8"": 43, ""7"": 22, ""3"": 94, ""4"": 59, ""1"": 135, ""6"": 31, ""2"": 88, ""5"": 28}"
NCP1/p_f=0.35/n=500/seed=5,500,0.35,5,9,9,5.4,"{""8"": 4, ""9"": 21, ""7"": 31, ""4"": 60, ""6"": 21, ""2"": 131, ""3"": 87, ""1"": 121, ""5"": 24}"
NCP1/p_f=0.35/n=500/seed=6,500,0.35,6,9,9,5.492,"{""9"": 33, ""7"": 20, ""8"": 6, ""4"": 52, ""6"": 10, ""3"": 92, ""5"": 32, ""2"": 110, ""1"": 145}"
NCP1/p_f=0.35/n=500/seed=7,500,0.35,7,7,7,5.4,"{""7"": 53, ""6"": 24, ""5"": 37, ""3"": 78, ""2"": 93, ""4"": 68, ""1"": 147}"
NCP1/p_f=0.35/n=500/seed=8,500,0.35,8,7,7,4.596,"{""6"": 27, ""7"": 14, ""4"": 67, ""5"": 52, ""3"": 81, ""2"": 104, ""1"": 155}"
NCP1/p_f=0.35/n=500/seed=9,500,0.35,9,8,8,5.36,"{""5"": 58, ""8"": 22, ""6"": 33, ""4"": 72, ""3"": 80, ""2"": 120, ""1"": 111, ""7"": 4}"
NCP1/p_f=0.35/n=500/seed=10,500,0.35,10,9,9,5.588,"{""9"": 17, ""7"": 29, ""6"": 19, ""5"": 63, ""3"": 65, ""4"": 56, ""8"": 7, ""1"": 136, ""2"": 108}"
NCP1/p_f=0.35/n=500/seed=11,500,0.35,11,7,7,4.836,"{""6"": 37, ""7"": 23, ""4"": 54, ""2"": 136, ""5"": 26, ""3"": 85, ""1"": 139}"
NCP1/p_f=0.35/n=500/seed=12,500,0.35,12,9,9,5.744,"{""9"": 29, ""8"": 16, ""3"": 61, ""5"": 35, ""6"": 31, ""4"": 45, ""7"": 11, ""2"": 128, ""1"": 144}"
NCP1/p_f=0.35/n=500/seed=13,500,0.35,13,9,9,5.52,"{""9"": 21, ""8"": 29, ""5"": 32, ""4"": 69, ""3"": 70, ""7"": 10, ""2"": 126, ""1"": 130, ""6"": 13}"
NCP1/p_f=0.35/n=500/seed=14,500,0.35,14,10,10,6.28,"{""10"": 17, ""9"": 21, ""8"": 10, ""5"": 50, ""4"": 58, ""3"": 73, ""2"": 105, ""7"": 17, ""1"": 122, ""6"": 27}"
NCP1/p_f=0.35/n=500/seed=15,500,0.35,15,8,8,5.3,"{""8"": 21, ""7"": 18, ""6"": 25, ""3"": 61, ""1"": 136, ""5"": 64, ""2"": 124, ""4"": 51}"
NCP1/p_f=0.35/n=500/seed=16,500,0.35,16,10,10,5.684,"{""10"": 27, ""8"": 5, ""3"": 90, ""6"": 32, ""1"": 129, ""9"": 5, ""4"": 53, ""2"": 105, ""7"": 13, ""5"": 41}"
NCP1/p_f=0.35/n=500/seed=17,500,0.35,17,8,8,5.828,"{""8"": 44, ""4"": 48, ""6"": 26, ""5"": 26, ""7"": 44, ""3"": 52, ""2"": 135, ""1"": 125}"
NCP1/p_f=0.35/n=500/seed=18,500,0.35,18,9,9,6.184,"{""9"": 49, ""6"": 11, ""4"": 53, ""7"": 12, ""3"": 72, ""5"": 40, ""8"": 19, ""2"": 105, ""1"": 139}"
NCP1/p_f=0.35/n=500/seed=19,500,0.35,19,9,9,5.728,"{""9"": 24, ""8"": 7, ""5"": 72, ""6"": 15, ""4"": 51, ""7"": 10, ""3"": 94, ""2"": 109, ""1"": 118}"
NCP1/p_f=0.35/n=1000/seed=20,1000,0.35,20,9,9,5.93,"{""8"": 57, ""9"": 40, ""4"": 89, ""6"": 50, ""5"": 101, ""7"": 31, ""3"": 137, ""2"": 218, ""1"": 277}"
NCP1/p_f=0.35/n=1000/seed=21,1000,0.35,21,10,10,5.61,"{""8"": 28, ""5"": 57, ""10"": 35, ""9"": 12, ""7"": 19, ""4"": 130, ""6"": 41, ""2"": 244, ""3"": 183, ""1"": 251}"
NCP1/p_f=0.35/n=1000/seed=22,1000,0.35,22,8,8,5.304,"{""7"": 49, ""8"": 34, ""6"": 45, ""5"": 92, ""4"": 101, ""1"": 268, ""3"": 195, ""2"": 216}"
NCP1/p_f=0.35/n=1000/seed=23,1000,0.35,23,11,11,5.908,"{""11"": 44, ""4"": 142, ""8"": 23, ""9"": 13, ""6"": 34, ""7"": 29, ""5"": 51, ""10"": 10, ""3"": 169, ""2"": 222, ""1"": 263}"
NCP1/p_f=0.35/n=1000/seed=24,1000,0.35,24,7,7,5.106,"{""7"": 65, ""6"": 63, ""3"": 183, ""4"": 154, ""5"": 56, ""1"": 250, ""2"": 229}"
NCP1/p_f=0.35/n=1000/seed=25,1000,0.35,25,8,8,5.8,"{""8"": 58, ""7"": 40, ""6"": 53, ""5"": 107, ""3"": 141, ""4"": 121, ""2"": 249, ""1"": 231}"
NCP1/p_f=0.35/n=1000/seed=26,1000,0.35,26,10,10,5.926,"{""10"": 34, ""8"": 47, ""6"": 48, ""5"": 86, ""9"": 22, ""3"": 148, ""7"": 12, ""1"": 265, ""4"": 116, ""2"": 222}"
NCP1/p_f=0.35/n=1000/seed=27,1000,0.35,27,9,9,5.09,"{""9"": 25, ""7"": 31, ""4"": 123, ""8"": 8, ""6"": 61, ""5"": 54, ""3"": 195, ""1"": 287, ""2"": 216}"
NCP1/p_f=0.35/n=1000/seed=28,1000,0.35,28,9,9,5.174,"{""8"": 45, ""9"": 14, ""4"": 101, ""7"": 22, ""6"": 46, ""3"": 175, ""2"": 285, ""5"": 55, ""1"": 257}"
NCP1/p_f=0.35/n=1000/seed=29,1000,0.35,29,9,9,5.314,"{""9"": 28, ""7"": 29, ""6"": 62, ""4"": 90, ""8"": 38, ""5"": 61, ""2"": 262, ""3"": 152, ""1"": 278}"
NCP1/p_f=0.35/n=1000/seed=30,1000,0.35,30,9,9,6.046,"{""9"": 29, ""4"": 94, ""8"": 77, ""5"": 67, ""3"": 183, ""7"": 27, ""6"": 61, ""2"": 200, ""1"": 262}"
NCP1/p_f=0.35/n=1000/seed=31,1000,0.35,31,11,11,6.106,"{""10"": 23, ""11"": 25, ""8"": 25, ""7"": 25, ""6"": 71, ""9"": 16, ""4"": 91, ""5"": 92, ""2"": 206, ""1"": 283, ""3"": 143}"
NCP1/p_f=0.35/n=1000/seed=32,1000,0.35,32,10,10,5.524,"{""10"": 24, ""7"": 40, ""8"": 26, ""4"": 88, ""3"": 136, ""6"": 70, ""2"": 232, ""5"": 101, ""9"": 4, ""1"": 279}"
NCP1/p_f=0.35/n=1000/seed=33,1000,0.35,33,8,8,5.594,"{""7"": 54, ""8"": 35, ""6"": 90, ""3"": 160, ""5"": 69, ""4"": 108, ""2"": 209, ""1"": 275}"
NCP1/p_f=0.35/n=1000/seed=34,1000,0.35,34,8,8,5.126,"{""8"": 37, ""4"": 95, ""7"": 40, ""3"": 223, ""6"": 21, ""5"": 87, ""2"": 250, ""1"": 247}"
NCP1/p_f=0.35/n=1000/seed=35,1000,0.35,35,8,8,5.452,"{""8"": 36, ""5"": 97, ""3"": 191, ""6"": 61, ""7"": 41, ""4"": 109, ""2"": 212, ""1"": 253}"
NCP1/p_f=0.35/n=1000/seed=36,1000,0.35,36,10,10,5.678,"{""10"": 38, ""7"": 41, ""6"": 45, ""9"": 15, ""8"": 24, ""5"": 61, ""4"": 101, ""2"": 221, ""3"": 168, ""1"": 286}"
NCP1/p_f=0.35/n=1000/seed=37,1000,0.35,37,9,9,5.69,"{""8"": 18, ""9"": 42, ""1"": 257, ""7"": 38, ""6"": 80, ""4"": 125, ""2"": 196, ""3"": 190, ""5"": 54}"
NCP1/p_f=0.35/n=1000/seed=38,1000,0.35,38,10,10,5.7,"{""10"": 27, ""9"": 18, ""7"": 47, ""6"": 55, ""3"": 163, ""5"": 78, ""8"": 15, ""4"": 98, ""2"": 234, ""1"": 265}"
NCP1/p_f=0.35/n=1000/seed=39,1000,0.35,39,9,9,5.6,"{""3"": 145, ""9"": 42, ""7"": 39, ""5"": 92, ""6"": 43, ""4"": 116, ""8"": 14, ""1"": 236, ""2"": 273}"
NCP1/p_f=0.35/n=2000/seed=40,2000,0.35,40,9,9,5.456,"{""9"": 80, ""8"": 38, ""6"": 86, ""5"": 176, ""3"": 351, ""7"": 65, ""4"": 230, ""2"": 436, ""1"": 538}"
NCP1/p_f=0.35/n=2000/seed=41,2000,0.35,41,11,11,5.743,"{""11"": 40, ""2"": 497, ""10"": 30, ""9"": 40, ""8"": 40, ""7"": 84, ""6"": 94, ""3"": 292, ""5"": 128, ""4"": 208, ""1"": 547}"
NCP1/p_f=0.35/n=2000/seed=42,2000,0.35,42,9,9,5.699,"{""9"": 113, ""5"": 133, ""7"": 49, ""8"": 74, ""6"": 64, ""4"": 255, ""3"": 298, ""2"": 466, ""1"": 548}"
NCP1/p_f=0.35/n=2000/seed=43,2000,0.35,43,9,9,5.706,"{""9"": 73, ""8"": 43, ""6"": 71, ""5"": 219, ""7"": 68, ""4"": 281, ""3"": 271, ""1"": 506, ""2"": 468}"
NCP1/p_f=0.35/n=2000/seed=44,2000,0.35,44,10,10,5.4,"{""9"": 47, ""8"": 48, ""5"": 125, ""7"": 66, ""10"": 21, ""4"": 252, ""3"": 355, ""6"": 88, ""2"": 448, ""1"": 550}"
NCP1/p_f=0.35/n=2000/seed=45,2000,0.35,45,10,10,5.179,"{""10"": 31, ""8"": 31, ""5"": 155, ""7"": 68, ""4"": 233, ""6"": 92, ""3"": 344, ""9"": 10, ""2"": 465, ""1"": 571}"
NCP1/p_f=0.35/n=2000/seed=46,2000,0.35,46,10,10,5.549,"{""10"": 55, ""8"": 40, ""9"": 58, ""6"": 80, ""5"": 145, ""7"": 63, ""3"": 320, ""4"": 184, ""2"": 480, ""1"": 575}"
NCP1/p_f=0.35/n=2000/seed=47,2000,0.35,47,10,10,5.578,"{""9"": 67, ""10"": 32, ""7"": 47, ""4"": 242, ""8"": 30, ""6"": 110, ""5"": 149, ""3"": 299, ""2"": 492, ""1"": 532}"
NCP1/p_f=0.35/n=2000/seed=48,2000,0.35,48,10,10,6.115,"{""10"": 27, ""9"": 95, ""8"": 46, ""7"": 60, ""6"": 186, ""5"": 140, ""4"": 208, ""2"": 408, ""3"": 317, ""1"": 513}"
NCP1/p_f=0.35/n=2000/seed=49,2000,0.35,49,10,10,5.665,"{""10"": 42, ""8"": 58, ""9"": 17, ""5"": 180, ""7"": 84, ""4"": 229, ""6"": 85, ""3"": 386, ""1"": 500, ""2"": 419}"
NCP1/p_f=0.35/n=2000/seed=50,2000,0.35,50,9,9,5.889,"{""9"": 124, ""7"": 78, ""6"": 111, ""8"": 51, ""5"": 141, ""4"": 179, ""3"": 330, ""1"": 529, ""2"": 457}"
NCP1/p_f=0.35/n=2000/seed=51,2000,0.35,51,9,9,5.658,"{""9"": 50, ""8"": 70, ""7"": 79, ""6"": 132, ""5"": 176, ""4"": 224, ""1"": 513, ""3"": 294, ""2"": 462}"
NCP1/p_f=0.35/n=2000/seed=52,2000,0.35,52,9,9,5.511,"{""9"": 48, ""6"": 110, ""7"": 110, ""2"": 457, ""8"": 37, ""5"": 176, ""1"": 566, ""4"": 211, ""3"": 285}"
NCP1/p_f=0.35/n=2000/seed=53,2000,0.35,53,11,11,5.399,"{""11"": 46, ""6"": 75, ""8"": 31, ""2"": 476, ""4"": 200, ""7"": 48, ""3"": 323, ""10"": 6, ""5"": 223, ""9"": 20, ""1"": 552}"
NCP1/p_f=0.35/n=2000/seed=54,2000,0.35,54,10,10,5.232,"{""10"": 30, ""6"": 104, ""7"": 95, ""5"": 176, ""8"": 13, ""4"": 233, ""2"": 443, ""3"": 368, ""1"": 538}"
NCP1/p_f=0.35/n=2000/seed=55,2000,0.35,55,11,11,6.017,"{""11"": 42, ""10"": 37, ""9"": 52, ""8"": 72, ""5"": 109, ""7"": 76, ""2"": 432, ""6"": 95, ""4"": 207, ""3"": 333, ""1"": 545}"
NCP1/p_f=0.35/n=2000/seed=56,2000,0.35,56,9,9,5.278,"{""9"": 57, ""6"": 135, ""8"": 20, ""5"": 134, ""7"": 74, ""4"": 223, ""2"": 484, ""3"": 335, ""1"": 538}"
NCP1/p_f=0.35/n=2000/seed=57,2000,0.35,57,10,10,5.726,"{""8"": 66, ""10"": 59, ""9"": 31, ""6"": 82, ""4"": 250, ""1"": 515, ""5"": 172, ""7"": 59, ""2"": 477, ""3"": 289}"
NCP1/p_f=0.35/n=2000/seed=58,2000,0.35,58,11,11,5.605,"{""10"": 14, ""11"": 25, ""9"": 23, ""8"": 62, ""6"": 122, ""5"": 192, ""2"": 454, ""7"": 40, ""4"": 199, ""3"": 331, ""1"": 538}"
NCP1/p_f=0.35/n=2000/seed=59,2000,0.35,59,11,11,6.148,"{""11"": 47, ""6"": 93, ""8"": 40, ""7"": 74, ""10"": 43, ""5"": 194, ""9"": 43, ""4"": 211, ""3"": 332, ""2"": 409, ""1"": 514}"
NCP1/p_f=0.35/n=4000/seed=60,4000,0.35,60,11,11,6.048,"{""11"": 73, ""10"": 25, ""9"": 128, ""8"": 97, ""6"": 260, ""5"": 325, ""2"": 829, ""7"": 157, ""4"": 448, ""3"": 629, ""1"": 1029}"
NCP1/p_f=0.35/n=4000/seed=61,4000,0.35,61,13,13,5.407,"{""13"": 27, ""11"": 26, ""10"": 59, ""7"": 115, ""12"": 2, ""8"": 63, ""5"": 257, ""6"": 227, ""9"": 25, ""4"": 419, ""2"": 964, ""3"": 716, ""1"": 1100}"
NCP1/p_f=0.35/n=4000/seed=62,4000,0.35,62,11,11,5.947,"{""11"": 84, ""9"": 61, ""8"": 146, ""6"": 173, ""10"": 58, ""7"": 147, ""5"": 309, ""4"": 418, ""3"": 622, ""2"": 905, ""1"": 1077}"
NCP1/p_f=0.35/n=4000/seed=63,4000,0.35,63,11,11,5.775,"{""11"": 68, ""8"": 76, ""7"": 154, ""9"": 79, ""10"": 64, ""5"": 289, ""4"": 487, ""3"": 672, ""6"": 160, ""2"": 914, ""1"": 1037}"
NCP1/p_f=0.35/n=4000/seed=64,4000,0.35,64,9,9,5.374,"{""9"": 91, ""8"": 89, ""7"": 195, ""4"": 469, ""6"": 215, ""5"": 237, ""3"": 675, ""2"": 936, ""1"": 1093}"
NCP1/p_f=0.35/n=4000/seed=65,4000,0.35,65,10,10,5.67,"{""10"": 106, ""8"": 75, ""9"": 111, ""5"": 285, ""6"": 198, ""7"": 124, ""3"": 644, ""4"": 479, ""1"": 1094, ""2"": 884}"
NCP1/p_f=0.35/n=4000/seed=66,4000,0.35,66,11,11,5.662,"{""10"": 74, ""11"": 38, ""7"": 123, ""6"": 292, ""9"": 41, ""8"": 79, ""4"": 416, ""5"": 310, ""2"": 914, ""3"": 691, ""1"": 1022}"
NCP1/p_f=0.35/n=4000/seed=67,4000,0.35,67,10,10,5.699,"{""5"": 302, ""10"": 102, ""4"": 417, ""2"": 987, ""6"": 235, ""7"": 128, ""9"": 54, ""8"": 139, ""3"": 573, ""1"": 1063}"
NCP1/p_f=0.35/n=4000/seed=68,4000,0.35,68,11,11,5.663,"{""11"": 57, ""10"": 56, ""8"": 98, ""7"": 156, ""9"": 30, ""6"": 202, ""4"": 482, ""2"": 870, ""5"": 309, ""3"": 702, ""1"": 1038}"
NCP1/p_f=0.35/n=4000/seed=69,4000,0.35,69,11,11,5.814,"{""11"": 63, ""7"": 118, ""9"": 47, ""8"": 156, ""10"": 46, ""4"": 434, ""6"": 236, ""5"": 281, ""3"": 638, ""2"": 918, ""1"": 1063}"
NCP1/p_f=0.35/n=4000/seed=70,4000,0.35,70,9,9,5.441,"{""9"": 107, ""7"": 134, ""8"": 79, ""5"": 307, ""6"": 246, ""4"": 458, ""1"": 1061, ""2"": 945, ""3"": 663}"
NCP1/p_f=0.35/n=4000/seed=71,4000,0.35,71,11,11,5.58,"{""10"": 58, ""6"": 220, ""9"": 100, ""5"": 365, ""7"": 156, ""8"": 85, ""11"": 19, ""2"": 932, ""4"": 350, ""1"": 1123, ""3"": 592}"
NCP1/p_f=0.35/n=4000/seed=72,4000,0.35,72,10,10,5.566,"{""10"": 42, ""8"": 109, ""7"": 177, ""9"": 69, ""5"": 282, ""4"": 415, ""6"": 208, ""3"": 705, ""2"": 939, ""1"": 1054}"
NCP1/p_f=0.35/n=4000/seed=73,4000,0.35,73,9,9,5.224,"{""9"": 86, ""8"": 71, ""6"": 196, ""7"": 111, ""3"": 661, ""5"": 320, ""4"": 530, ""2"": 964, ""1"": 1061}"
NCP1/p_f=0.35/n=4000/seed=74,4000,0.35,74,11,11,5.691,"{""11"": 71, ""10"": 33, ""9"": 23, ""8"": 154, ""2"": 893, ""5"": 289, ""7"": 133, ""6"": 232, ""4"": 443, ""3"": 650, ""1"": 1079}"
NCP1/p_f=0.35/n=4000/seed=75,4000,0.35,75,11,11,5.631,"{""11"": 47, ""9"": 98, ""10"": 20, ""7"": 181, ""6"": 160, ""8"": 61, ""5"": 357, ""4"": 434, ""3"": 660, ""2"": 921, ""1"": 1061}"
NCP1/p_f=0.35/n=4000/seed=76,4000,0.35,76,9,9,5.497,"{""8"": 206, ""1"": 1057, ""7"": 127, ""5"": 284, ""2"": 921, ""6"": 303, ""3"": 668, ""9"": 21, ""4"": 413}"
NCP1/p_f=0.35/n=4000/seed=77,4000,0.35,77,10,10,5.575,"{""10"": 28, ""9"": 90, ""6"": 268, ""8"": 96, ""7"": 203, ""5"": 254, ""3"": 605, ""2"": 914, ""1"": 1066, ""4"": 476}"
NCP1/p_f=0.35/n=4000/seed=78,4000,0.35,78,11,11,5.87,"{""11"": 93, ""8"": 99, ""6"": 245, ""7"": 122, ""10"": 54, ""5"": 288, ""3"": 647, ""9"": 46, ""4"": 433, ""1"": 1011, ""2"": 962}"
NCP1/p_f=0.35/n=4000/seed=79,4000,0.35,79,10,10,5.737,"{""10"": 89, ""9"": 77, ""7"": 144, ""8"": 107, ""6"": 259, ""5"": 284, ""3"": 578, ""4"": 473, ""2"": 966, ""1"": 1023}"
NCP1/p_f=0.37/n=500/seed=80,500,0.37,80,12,12,7.42,"{""12"": 35, ""9"": 13, ""8"": 30, ""7"": 28, ""10"": 1, ""11"": 5, ""6"": 46, ""3"": 68, ""2"": 100, ""5"": 23, ""4"": 38, ""1"": 113}"
NCP1/p_f=0.37/n=500/seed=81,500,0.37,81,8,8,5.624,"{""8"": 28, ""6"": 36, ""3"": 76, ""7"": 23, ""5"": 33, ""2"": 128, ""4"": 57, ""1"": 119}"
NCP1/p_f=0.37/n=500/seed=82,500,0.37,82,10,10,7.216,"{""10"": 38, ""9"": 30, ""7"": 15, ""8"": 18, ""6"": 26, ""3"": 68, ""2"": 99, ""4"": 66, ""5"": 36, ""1"": 104}"
NCP1/p_f=0.37/n=500/seed=83,500,0.37,83,8,8,5.788,"{""7"": 33, ""5"": 37, ""8"": 44, ""3"": 84, ""6"": 25, ""2"": 113, ""4"": 46, ""1"": 118}"
NCP1/p_f=0.37/n=500/seed=84,500,0.37,84,9,9,6.58,"{""9"": 36, ""8"": 33, ""6"": 32, ""7"": 25, ""4"": 44, ""1"": 105, ""5"": 48, ""3"": 65, ""2"": 112}"
NCP1/p_f=0.37/n=500/seed=85,500,0.37,85,12,12,7.368,"{""12"": 31, ""11"": 17, ""10"": 5, ""9"": 18, ""8"": 9, ""7"": 28, ""3"": 69, ""4"": 63, ""2"": 96, ""6"": 24, ""5"": 31, ""1"": 109}"
NCP1/p_f=0.37/n=500/seed=86,500,0.37,86,12,12,6.628,"{""12"": 23, ""11"": 18, ""8"": 14, ""2"": 98, ""7"": 7, ""9"": 18, ""6"": 12, ""5"": 31, ""4"": 58, ""1"": 136, ""3"": 82, ""10"": 3}"
NCP1/p_f=0.37/n=500/seed=87,500,0.37,87,11,11,7.172,"{""11"": 39, ""10"": 3, ""9"": 24, ""5"": 33, ""3"": 74, ""6"": 24, ""4"": 49, ""7"": 20, ""1"": 112, ""2"": 99, ""8"": 23}"
NCP1/p_f=0.37/n=500/seed=88,500,0.37,88,12,12,7.624,"{""12"": 47, ""4"": 53, ""9"": 21, ""5"": 39, ""10"": 3, ""6"": 33, ""2"": 101, ""7"": 26, ""8"": 8, ""3"": 58, ""1"": 110, ""11"": 1}"
NCP1/p_f=0.37/n=500/seed=89,500,0.37,89,9,9,6.416,"{""9"": 52, ""2"": 107, ""6"": 27, ""4"": 50, ""8"": 11, ""5"": 46, ""3"": 67, ""7"": 14, ""1"": 126}"
NCP1/p_f=0.37/n=500/seed=90,500,0.37,90,14,14,7.904,"{""14"": 24, ""13"": 19, ""12"": 5, ""11"": 6, ""8"": 10, ""9"": 7, ""7"": 36, ""10"": 5, ""6"": 21, ""5"": 36, ""2"": 90, ""1"": 101, ""3"": 76, ""4"": 64}"
NCP1/p_f=0.37/n=500/seed=91,500,0.37,91,10,10,6.352,"{""7"": 36, ""10"": 27, ""5"": 14, ""9"": 13, ""3"": 82, ""4"": 56, ""6"": 22, ""8"": 20, ""2"": 114, ""1"": 116}"
NCP1/p_f=0.37/n=500/seed=92,500,0.37,92,16,16,8.132,"{""16"": 35, ""15"": 10, ""13"": 2, ""8"": 16, ""7"": 13, ""11"": 8, ""9"": 8, ""6"": 23, ""3"": 87, ""14"": 7, ""10"": 4, ""4"": 39, ""2"": 90, ""12"": 2, ""5"": 27, ""1"": 129}"
NCP1/p_f=0.37/n=500/seed=93,500,0.37,93,8,8,5.568,"{""8"": 24, ""7"": 5, ""5"": 48, ""6"": 64, ""4"": 46, ""3"": 68, ""2"": 109, ""1"": 136}"
NCP1/p_f=0.37/n=500/seed=94,500,0.37,94,15,15,7.92,"{""15"": 33, ""14"": 9, ""13"": 7, ""10"": 18, ""9"": 4, ""7"": 7, ""5"": 30, ""11"": 4, ""1"": 127, ""4"": 48, ""8"": 10, ""6"": 31, ""12"": 9, ""3"": 57, ""2"": 106}"
NCP1/p_f=0.37/n=500/seed=95,500,0.37,95,11,11,7.452,"{""11"": 43, ""8"": 11, ""10"": 15, ""9"": 19, ""2"": 95, ""4"": 40, ""6"": 37, ""3"": 66, ""5"": 38, ""7"": 16, ""1"": 120}"
NCP1/p_f=0.37/n=500/seed=96,500,0.37,96,11,11,6.444,"{""9"": 21, ""11"": 29, ""7"": 16, ""6"": 12, ""8"": 20, ""3"": 78, ""4"": 51, ""2"": 89, ""5"": 43, ""1"": 139, ""10"": 2}"
NCP1/p_f=0.37/n=500/seed=97,500,0.37,97,11,11,7.188,"{""11"": 20, ""9"": 14, ""10"": 35, ""8"": 11, ""6"": 35, ""2"": 107, ""5"": 45, ""3"": 72, ""4"": 39, ""7"": 13, ""1"": 109}"
NCP1/p_f=0.37/n=500/seed=98,500,0.37,98,11,11,6.416,"{""11"": 33, ""9"": 11, ""2"": 132, ""10"": 14, ""4"": 48, ""5"": 24, ""6"": 15, ""7"": 20, ""8"": 7, ""3"": 65, ""1"": 131}"
NCP1/p_f=0.37/n=500/seed=99,500,0.37,99,12,12,7.456,"{""10"": 7, ""12"": 43, ""5"": 17, ""4"": 66, ""9"": 12, ""11"": 7, ""8"": 14, ""7"": 22, ""6"": 20, ""3"": 83, ""1"": 118, ""2"": 91}"
NCP1/p_f=0.37/n=1000/seed=100,1000,0.37,100,12,12,6.106,"{""12"": 43, ""8"": 44, ""7"": 22, ""9"": 4, ""11"": 11, ""3"": 155, ""5"": 57, ""4"": 104, ""2"": 240, ""6"": 66, ""1"": 249, ""10"": 5}"
NCP1/p_f=0.37/n=1000/seed=101,1000,0.37,101,12,12,7.1,"{""12"": 51, ""10"": 46, ""8"": 30, ""9"": 39, ""6"": 47, ""4"": 96, ""5"": 56, ""7"": 32, ""2"": 178, ""3"": 184, ""1"": 240, ""11"": 1}"
NCP1/p_f=0.37/n=1000/seed=102,1000,0.37,102,12,12,6.764,"{""12"": 31, ""11"": 12, ""9"": 43, ""10"": 11, ""6"": 68, ""8"": 40, ""1"": 219, ""7"": 38, ""5"": 77, ""2"": 225, ""4"": 105, ""3"": 131}"
NCP1/p_f=0.37/n=1000/seed=103,1000,0.37,103,13,13,7.178,"{""11"": 37, ""9"": 48, ""10"": 14, ""4"": 108, ""7"": 32, ""13"": 22, ""8"": 34, ""12"": 9, ""6"": 57, ""3"": 154, ""5"": 65, ""2"": 190, ""1"": 230}"
NCP1/p_f=0.37/n=1000/seed=104,1000,0.37,104,13,13,6.766,"{""13"": 48, ""12"": 12, ""7"": 53, ""11"": 10, ""6"": 69, ""8"": 30, ""10"": 6, ""5"": 44, ""3"": 147, ""9"": 13, ""2"": 254, ""4"": 84, ""1"": 230}"
NCP1/p_f=0.37/n=1000/seed=105,1000,0.37,105,12,12,6.3,"{""11"": 28, ""12"": 29, ""4"": 102, ""10"": 24, ""5"": 61, ""8"": 29, ""9"": 14, ""7"": 36, ""3"": 154, ""6"": 27, ""2"": 236, ""1"": 260}"
NCP1/p_f=0.37/n=1000/seed=106,1000,0.37,106,15,15,7.664,"{""11"": 16, ""15"": 33, ""14"": 14, ""5"": 37, ""7"": 29, ""13"": 11, ""9"": 28, ""8"": 48, ""12"": 26, ""4"": 75, ""3"": 138, ""6"": 47, ""10"": 17, ""1"": 241, ""2"": 240}"
NCP1/p_f=0.37/n=1000/seed=107,1000,0.37,107,11,11,6.828,"{""11"": 51, ""10"": 10, ""7"": 47, ""9"": 33, ""8"": 45, ""5"": 76, ""4"": 106, ""6"": 41, ""3"": 160, ""2"": 215, ""1"": 216}"
NCP1/p_f=0.37/n=1000/seed=108,1000,0.37,108,13,13,7.148,"{""13"": 42, ""7"": 44, ""12"": 18, ""6"": 63, ""11"": 8, ""5"": 61, ""9"": 19, ""10"": 20, ""3"": 151, ""4"": 104, ""2"": 217, ""1"": 226, ""8"": 27}"
NCP1/p_f=0.37/n=1000/seed=109,1000,0.37,109,12,12,6.756,"{""12"": 47, ""10"": 5, ""11"": 19, ""9"": 14, ""8"": 38, ""7"": 47, ""4"": 110, ""3"": 143, ""6"": 48, ""5"": 82, ""2"": 223, ""1"": 224}"
NCP1/p_f=0.37/n=1000/seed=110,1000,0.37,110,12,12,7.454,"{""12"": 58, ""11"": 11, ""4"": 130, ""10"": 39, ""8"": 29, ""2"": 182, ""9"": 22, ""5"": 88, ""7"": 45, ""6"": 30, ""3"": 139, ""1"": 227}"
NCP1/p_f=0.37/n=1000/seed=111,1000,0.37,111,9,9,5.592,"{""9"": 19, ""6"": 42, ""7"": 71, ""8"": 25, ""3"": 177, ""4"": 125, ""2"": 211, ""5"": 84, ""1"": 246}"
NCP1/p_f=0.37/n=1000/seed=112,1000,0.37,112,13,13,7.102,"{""13"": 47, ""10"": 33, ""9"": 19, ""11"": 18, ""5"": 81, ""4"": 95, ""8"": 25, ""3"": 180, ""12"": 5, ""6"": 42, ""7"": 32, ""2"": 174, ""1"": 249}"
NCP1/p_f=0.37/n=1000/seed=113,1000,0.37,113,10,10,6.688,"{""9"": 83, ""8"": 48, ""3"": 177, ""10"": 14, ""6"": 57, ""5"": 63, ""7"": 39, ""2"": 186, ""4"": 90, ""1"": 243}"
NCP1/p_f=0.37/n=1000/seed=114,1000,0.37,114,11,11,6.976,"{""10"": 38, ""9"": 31, ""8"": 67, ""11"": 19, ""6"": 66, ""4"": 85, ""7"": 47, ""3"": 122, ""5"": 86, ""1"": 269, ""2"": 170}"
NCP1/p_f=0.37/n=1000/seed=115,1000,0.37,115,12,12,6.252,"{""12"": 31, ""11"": 11, ""10"": 6, ""8"": 32, ""7"": 42, ""6"": 60, ""9"": 16, ""5"": 56, ""4"": 124, ""3"": 148, ""2"": 211, ""1"": 263}"
NCP1/p_f=0.37/n=1000/seed=116,1000,0.37,116,11,11,6.672,"{""11"": 65, ""8"": 48, ""7"": 38, ""5"": 62, ""9"": 14, ""4"": 83, ""3"": 171, ""1"": 253, ""2"": 220, ""10"": 18, ""6"": 28}"
NCP1/p_f=0.37/n=1000/seed=117,1000,0.37,117,11,11,6.636,"{""11"": 37, ""10"": 39, ""6"": 37, ""7"": 51, ""2"": 201, ""9"": 24, ""5"": 64, ""8"": 35, ""4"": 133, ""3"": 146, ""1"": 233}"
NCP1/p_f=0.37/n=1000/seed=118,1000,0.37,118,11,11,6.852,"{""9"": 51, ""11"": 64, ""7"": 24, ""6"": 38, ""3"": 157, ""8"": 30, ""10"": 7, ""4"": 119, ""2"": 189, ""5"": 90, ""1"": 231}"
NCP1/p_f=0.37/n=1000/seed=119,1000,0.37,119,12,12,6.624,"{""12"": 54, ""11"": 18, ""9"": 25, ""8"": 28, ""6"": 54, ""3"": 139, ""7"": 14, ""5"": 85, ""4"": 113, ""2"": 204, ""1"": 263, ""10"": 3}"
NCP1/p_f=0.37/n=2000/seed=120,2000,0.37,120,11,11,6.719,"{""11"": 71, ""5"": 153, ""9"": 44, ""10"": 82, ""2"": 415, ""6"": 99, ""7"": 74, ""4"": 182, ""8"": 69, ""1"": 529, ""3"": 282}"
NCP1/p_f=0.37/n=2000/seed=121,2000,0.37,121,11,11,6.219,"{""10"": 35, ""11"": 47, ""9"": 22, ""8"": 109, ""6"": 72, ""3"": 313, ""7"": 93, ""4"": 210, ""5"": 154, ""2"": 434, ""1"": 511}"
NCP1/p_f=0.37/n=2000/seed=122,2000,0.37,122,12,12,6.803,"{""12"": 62, ""10"": 41, ""11"": 31, ""7"": 82, ""9"": 52, ""6"": 143, ""5"": 136, ""8"": 54, ""4"": 254, ""3"": 287, ""1"": 481, ""2"": 377}"
NCP1/p_f=0.37/n=2000/seed=123,2000,0.37,123,12,12,6.158,"{""12"": 51, ""11"": 68, ""9"": 34, ""10"": 18, ""8"": 32, ""6"": 72, ""3"": 318, ""7"": 54, ""5"": 134, ""2"": 466, ""4"": 246, ""1"": 507}"
NCP1/p_f=0.37/n=2000/seed=124,2000,0.37,124,16,16,7.362,"{""16"": 58, ""14"": 15, ""12"": 31, ""10"": 27, ""8"": 45, ""2"": 438, ""15"": 22, ""5"": 110, ""13"": 24, ""4"": 198, ""9"": 49, ""3"": 331, ""7"": 43, ""11"": 25, ""6"": 119, ""1"": 465}"
NCP1/p_f=0.37/n=2000/seed=125,2000,0.37,125,11,11,6.356,"{""11"": 51, ""9"": 57, ""7"": 111, ""8"": 38, ""10"": 19, ""6"": 127, ""5"": 211, ""3"": 316, ""4"": 193, ""2"": 383, ""1"": 494}"
NCP1/p_f=0.37/n=2000/seed=126,2000,0.37,126,12,12,6.602,"{""12"": 69, ""6"": 158, ""9"": 28, ""8"": 64, ""7"": 86, ""10"": 23, ""5"": 164, ""3"": 299, ""4"": 245, ""2"": 352, ""11"": 9, ""1"": 503}"
NCP1/p_f=0.37/n=2000/seed=127,2000,0.37,127,14,14,6.754,"{""14"": 40, ""10"": 38, ""13"": 30, ""11"": 6, ""6"": 117, ""8"": 74, ""9"": 31, ""7"": 80, ""5"": 136, ""4"": 233, ""3"": 314, ""2"": 419, ""1"": 479, ""12"": 3}"
NCP1/p_f=0.37/n=2000/seed=128,2000,0.37,128,16,16,7.168,"{""16"": 38, ""15"": 14, ""12"": 15, ""10"": 38, ""13"": 10, ""7"": 95, ""9"": 51, ""6"": 114, ""14"": 29, ""3"": 303, ""4"": 173, ""8"": 72, ""5"": 122, ""1"": 506, ""11"": 16, ""2"": 404}"
NCP1/p_f=0.37/n=2000/seed=129,2000,0.37,129,14,14,7.241,"{""14"": 62, ""11"": 22, ""8"": 66, ""9"": 63, ""10"": 33, ""7"": 69, ""13"": 17, ""12"": 20, ""5"": 150, ""4"": 252, ""2"": 417, ""6"": 84, ""3"": 281, ""1"": 464}"
NCP1/p_f=0.37/n=2000/seed=130,2000,0.37,130,14,14,6.956,"{""10"": 46, ""14"": 37, ""12"": 48, ""11"": 15, ""13"": 13, ""7"": 86, ""8"": 37, ""9"": 43, ""6"": 102, ""4"": 257, ""2"": 439, ""3"": 297, ""5"": 122, ""1"": 458}"
NCP1/p_f=0.37/n=2000/seed=131,2000,0.37,131,11,11,6.794,"{""11"": 87, ""7"": 110, ""9"": 59, ""10"": 28, ""8"": 61, ""4"": 222, ""6"": 98, ""5"": 150, ""2"": 399, ""3"": 301, ""1"": 485}"
NCP1/p_f=0.37/n=2000/seed=132,2000,0.37,132,14,14,6.72,"{""14"": 36, ""7"": 54, ""13"": 42, ""12"": 13, ""10"": 42, ""8"": 49, ""11"": 38, ""9"": 31, ""4"": 227, ""6"": 67, ""5"": 137, ""1"": 523, ""3"": 313, ""2"": 428}"
NCP1/p_f=0.37/n=2000/seed=133,2000,0.37,133,16,16,7.315,"{""13"": 4, ""15"": 14, ""16"": 41, ""14"": 42, ""10"": 23, ""12"": 18, ""11"": 24, ""5"": 203, ""8"": 45, ""1"": 446, ""7"": 85, ""6"": 91, ""2"": 441, ""9"": 34, ""4"": 194, ""3"": 295}"
NCP1/p_f=0.37/n=2000/seed=134,2000,0.37,134,14,14,7.041,"{""14"": 70, ""10"": 19, ""13"": 23, ""11"": 49, ""9"": 37, ""12"": 19, ""8"": 47, ""5"": 126, ""4"": 209, ""6"": 98, ""7"": 67, ""3"": 330, ""2"": 416, ""1"": 490}"
NCP1/p_f=0.37/n=2000/seed=135,2000,0.37,135,14,14,6.849,"{""13"": 33, ""14"": 27, ""10"": 34, ""11"": 28, ""5"": 130, ""8"": 77, ""9"": 59, ""6"": 76, ""3"": 358, ""4"": 179, ""7"": 93, ""1"": 487, ""2"": 412, ""12"": 7}"
NCP1/p_f=0.37/n=2000/seed=136,2000,0.37,136,12,12,6.692,"{""12"": 63, ""11"": 15, ""2"": 412, ""9"": 58, ""5"": 141, ""7"": 90, ""10"": 64, ""3"": 312, ""8"": 31, ""6"": 88, ""4"": 209, ""1"": 517}"
NCP1/p_f=0.37/n=2000/seed=137,2000,0.37,137,14,14,6.507,"{""14"": 73, ""8"": 70, ""7"": 62, ""5"": 171, ""4"": 195, ""9"": 35, ""12"": 12, ""6"": 87, ""3"": 350, ""13"": 7, ""10"": 13, ""1"": 511, ""2"": 410, ""11"": 4}"
NCP1/p_f=0.37/n=2000/seed=138,2000,0.37,138,16,16,6.946,"{""16"": 35, ""12"": 10, ""14"": 35, ""5"": 163, ""13"": 13, ""2"": 432, ""15"": 14, ""9"": 30, ""6"": 115, ""7"": 46, ""11"": 18, ""10"": 16, ""4"": 218, ""8"": 67, ""3"": 295, ""1"": 493}"
NCP1/p_f=0.37/n=2000/seed=139,2000,0.37,139,17,17,6.809,"{""17"": 49, ""15"": 8, ""12"": 8, ""13"": 10, ""9"": 34, ""11"": 9, ""7"": 105, ""6"": 142, ""1"": 464, ""10"": 22, ""14"": 5, ""8"": 58, ""16"": 2, ""5"": 162, ""3"": 301, ""4"": 195, ""2"": 426}"
NCP1/p_f=0.37/n=4000/seed=140,4000,0.37,140,15,15,6.98,"{""10"": 68, ""15"": 36, ""14"": 45, ""13"": 59, ""7"": 187, ""8"": 122, ""11"": 52, ""5"": 266, ""9"": 92, ""6"": 181, ""2"": 866, ""12"": 31, ""4"": 451, ""3"": 598, ""1"": 946}"
NCP1/p_f=0.37/n=4000/seed=141,4000,0.37,141,12,12,6.784,"{""12"": 140, ""7"": 162, ""11"": 105, ""9"": 84, ""10"": 53, ""8"": 150, ""5"": 245, ""6"": 192, ""2"": 870, ""4"": 403, ""3"": 586, ""1"": 1010}"
NCP1/p_f=0.37/n=4000/seed=142,4000,0.37,142,14,14,6.92,"{""14"": 111, ""13"": 21, ""11"": 47, ""12"": 33, ""8"": 89, ""10"": 69, ""6"": 297, ""9"": 93, ""7"": 143, ""3"": 585, ""2"": 872, ""1"": 925, ""5"": 295, ""4"": 420}"
NCP1/p_f=0.37/n=4000/seed=143,4000,0.37,143,16,16,6.973,"{""16"": 47, ""15"": 42, ""14"": 11, ""13"": 59, ""12"": 33, ""6"": 255, ""11"": 22, ""8"": 92, ""5"": 308, ""7"": 155, ""9"": 107, ""4"": 415, ""3"": 592, ""10"": 39, ""2"": 856, ""1"": 967}"
NCP1/p_f=0.37/n=4000/seed=144,4000,0.37,144,14,14,6.947,"{""14"": 40, ""12"": 41, ""13"": 68, ""10"": 148, ""5"": 281, ""9"": 67, ""11"": 76, ""7"": 125, ""8"": 83, ""6"": 222, ""3"": 578, ""4"": 390, ""1"": 962, ""2"": 919}"
NCP1/p_f=0.37/n=4000/seed=145,4000,0.37,145,15,15,7.247,"{""15"": 108, ""14"": 18, ""6"": 207, ""13"": 66, ""12"": 33, ""9"": 100, ""10"": 62, ""8"": 154, ""11"": 50, ""4"": 417, ""5"": 297, ""2"": 828, ""7"": 94, ""3"": 611, ""1"": 955}"
NCP1/p_f=0.37/n=4000/seed=146,4000,0.37,146,14,14,7.019,"{""13"": 66, ""14"": 48, ""12"": 55, ""7"": 185, ""11"": 60, ""10"": 99, ""9"": 87, ""3"": 571, ""4"": 404, ""5"": 261, ""8"": 95, ""6"": 211, ""1"": 953, ""2"": 905}"
NCP1/p_f=0.37/n=4000/seed=147,4000,0.37,147,14,14,7.08,"{""14"": 108, ""13"": 85, ""10"": 67, ""11"": 59, ""12"": 57, ""5"": 316, ""9"": 89, ""4"": 417, ""3"": 607, ""7"": 80, ""6"": 184, ""8"": 77, ""2"": 818, ""1"": 1036}"
NCP1/p_f=0.37/n=4000/seed=148,4000,0.37,148,13,13,6.814,"{""13"": 41, ""12"": 102, ""11"": 100, ""9"": 84, ""10"": 86, ""7"": 176, ""8"": 119, ""6"": 159, ""5"": 280, ""2"": 894, ""4"": 369, ""1"": 976, ""3"": 614}"
NCP1/p_f=0.37/n=4000/seed=149,4000,0.37,149,13,13,6.937,"{""13"": 111, ""12"": 69, ""10"": 124, ""11"": 38, ""6"": 183, ""9"": 70, ""5"": 309, ""8"": 95, ""4"": 422, ""7"": 152, ""3"": 644, ""2"": 845, ""1"": 938}"
NCP1/p_f=0.37/n=4000/seed=150,4000,0.37,150,11,11,6.522,"{""11"": 134, ""10"": 99, ""8"": 99, ""5"": 358, ""6"": 246, ""7"": 138, ""4"": 516, ""9"": 75, ""3"": 614, ""2"": 809, ""1"": 912}"
NCP1/p_f=0.37/n=4000/seed=151,4000,0.37,151,15,15,7.263,"{""15"": 133, ""7"": 152, ""14"": 33, ""9"": 99, ""13"": 32, ""4"": 409, ""5"": 341, ""10"": 86, ""8"": 120, ""11"": 36, ""12"": 22, ""2"": 848, ""6"": 150, ""3"": 618, ""1"": 921}"
NCP1/p_f=0.37/n=4000/seed=152,4000,0.37,152,14,14,6.861,"{""14"": 100, ""13"": 21, ""11"": 54, ""10"": 47, ""12"": 61, ""9"": 85, ""7"": 122, ""5"": 239, ""4"": 450, ""8"": 165, ""3"": 632, ""6"": 192, ""2"": 842, ""1"": 990}"
NCP1/p_f=0.37/n=4000/seed=153,4000,0.37,153,16,16,7.215,"{""16"": 58, ""13"": 38, ""4"": 412, ""11"": 84, ""6"": 210, ""15"": 39, ""9"": 63, ""8"": 173, ""12"": 29, ""7"": 109, ""5"": 314, ""14"": 20, ""3"": 623, ""10"": 61, ""2"": 785, ""1"": 982}"
NCP1/p_f=0.37/n=4000/seed=154,4000,0.37,154,13,13,7.064,"{""13"": 42, ""12"": 67, ""10"": 150, ""6"": 262, ""5"": 332, ""7"": 150, ""11"": 57, ""9"": 96, ""8"": 105, ""2"": 814, ""4"": 438, ""3"": 544, ""1"": 943}"
NCP1/p_f=0.37/n=4000/seed=155,4000,0.37,155,14,14,7.013,"{""14"": 99, ""12"": 28, ""13"": 95, ""10"": 47, ""11"": 66, ""7"": 181, ""8"": 86, ""9"": 68, ""5"": 296, ""4"": 381, ""6"": 211, ""2"": 873, ""1"": 971, ""3"": 598}"
NCP1/p_f=0.37/n=4000/seed=156,4000,0.37,156,14,14,6.785,"{""14"": 65, ""13"": 53, ""11"": 86, ""8"": 106, ""10"": 72, ""9"": 109, ""6"": 170, ""4"": 420, ""5"": 276, ""12"": 17, ""7"": 157, ""2"": 893, ""1"": 978, ""3"": 598}"
NCP1/p_f=0.37/n=4000/seed=157,4000,0.37,157,19,19,7.224,"{""19"": 52, ""16"": 10, ""18"": 43, ""15"": 21, ""12"": 48, ""13"": 18, ""7"": 129, ""5"": 264, ""9"": 50, ""10"": 45, ""8"": 135, ""17"": 6, ""6"": 280, ""11"": 51, ""4"": 405, ""3"": 613, ""2"": 862, ""1"": 955, ""14"": 13}"
NCP1/p_f=0.37/n=4000/seed=158,4000,0.37,158,13,13,6.624,"{""13"": 82, ""12"": 55, ""10"": 54, ""9"": 113, ""7"": 137, ""4"": 388, ""5"": 314, ""11"": 61, ""6"": 189, ""3"": 584, ""8"": 103, ""1"": 1035, ""2"": 885}"
NCP1/p_f=0.37/n=4000/seed=159,4000,0.37,159,13,13,7.183,"{""13"": 84, ""12"": 137, ""10"": 112, ""11"": 69, ""4"": 403, ""5"": 340, ""8"": 79, ""7"": 127, ""9"": 62, ""6"": 218, ""3"": 579, ""2"": 829, ""1"": 961}"
NCP1/p_f=0.39/n=500/seed=160,500,0.39,160,16,16,8.716,"{""16"": 30, ""12"": 5, ""5"": 31, ""15"": 18, ""13"": 7, ""4"": 43, ""11"": 4, ""3"": 65, ""14"": 13, ""7"": 13, ""10"": 5, ""9"": 11, ""6"": 17, ""1"": 121, ""8"": 11, ""2"": 106}"
NCP1/p_f=0.39/n=500/seed=161,500,0.39,161,18,18,9.552,"{""18"": 32, ""13"": 16, ""15"": 10, ""16"": 3, ""7"": 18, ""12"": 4, ""6"": 30, ""11"": 5, ""10"": 9, ""14"": 11, ""2"": 87, ""9"": 17, ""3"": 81, ""8"": 9, ""4"": 54, ""5"": 20, ""1"": 94}"
NCP1/p_f=0.39/n=500/seed=162,500,0.39,162,15,15,8.112,"{""15"": 44, ""10"": 6, ""8"": 13, ""11"": 9, ""5"": 46, ""7"": 12, ""6"": 32, ""13"": 2, ""4"": 61, ""3"": 86, ""2"": 85, ""9"": 9, ""1"": 92, ""12"": 1, ""14"": 2}"
NCP1/p_f=0.39/n=500/seed=163,500,0.39,163,13,13,8.436,"{""13"": 23, ""12"": 18, ""9"": 6, ""11"": 13, ""8"": 25, ""10"": 25, ""6"": 36, ""5"": 28, ""3"": 71, ""7"": 22, ""1"": 107, ""4"": 57, ""2"": 69}"
NCP1/p_f=0.39/n=500/seed=164,500,0.39,164,13,13,8.764,"{""11"": 10, ""13"": 48, ""8"": 12, ""10"": 10, ""12"": 8, ""7"": 46, ""6"": 32, ""3"": 43, ""4"": 43, ""9"": 12, ""5"": 34, ""2"": 88, ""1"": 114}"
NCP1/p_f=0.39/n=500/seed=165,500,0.39,165,10,10,7.676,"{""10"": 38, ""9"": 40, ""7"": 51, ""8"": 9, ""6"": 23, ""5"": 33, ""4"": 67, ""3"": 52, ""2"": 78, ""1"": 109}"
NCP1/p_f=0.39/n=500/seed=166,500,0.39,166,11,11,7.78,"{""11"": 45, ""9"": 37, ""10"": 8, ""8"": 19, ""2"": 93, ""4"": 51, ""6"": 21, ""1"": 104, ""5"": 38, ""3"": 74, ""7"": 10}"
NCP1/p_f=0.39/n=500/seed=167,500,0.39,167,16,16,9.004,"{""16"": 21, ""11"": 9, ""6"": 38, ""15"": 2, ""13"": 17, ""12"": 9, ""9"": 12, ""10"": 15, ""3"": 53, ""14"": 11, ""5"": 29, ""8"": 25, ""4"": 62, ""7"": 17, ""2"": 70, ""1"": 110}"
NCP1/p_f=0.39/n=500/seed=168,500,0.39,168,15,15,7.888,"{""15"": 26, ""13"": 12, ""12"": 9, ""5"": 35, ""11"": 8, ""10"": 12, ""4"": 27, ""6"": 27, ""9"": 6, ""8"": 12, ""7"": 20, ""1"": 115, ""3"": 75, ""2"": 111, ""14"": 5}"
NCP1/p_f=0.39/n=500/seed=169,500,0.39,169,15,15,9.148,"{""15"": 38, ""12"": 19, ""11"": 23, ""6"": 30, ""10"": 12, ""13"": 4, ""4"": 39, ""3"": 69, ""2"": 95, ""8"": 9, ""14"": 5, ""1"": 109, ""5"": 20, ""9"": 14, ""7"": 14}"
NCP1/p_f=0.39/n=500/seed=170,500,0.39,170,11,11,7.984,"{""11"": 53, ""10"": 18, ""6"": 35, ""4"": 36, ""3"": 44, ""9"": 12, ""8"": 23, ""5"": 44, ""7"": 29, ""2"": 104, ""1"": 102}"
NCP1/p_f=0.39/n=500/seed=171,500,0.39,171,11,11,7.476,"{""11"": 35, ""4"": 69, ""10"": 24, ""8"": 10, ""5"": 46, ""9"": 19, ""2"": 87, ""7"": 22, ""3"": 65, ""6"": 16, ""1"": 107}"
NCP1/p_f=0.39/n=500/seed=172,500,0.39,172,21,21,10.948,"{""21"": 46, ""16"": 7, ""17"": 12, ""14"": 6, ""4"": 43, ""13"": 12, ""11"": 9, ""12"": 6, ""9"": 15, ""3"": 50, ""6"": 17, ""7"": 18, ""19"": 1, ""15"": 1, ""10"": 9, ""8"": 13, ""18"": 1, ""5"": 35, ""1"": 101, ""2"": 98}"
NCP1/p_f=0.39/n=500/seed=173,500,0.39,173,15,15,8.332,"{""15"": 41, ""12"": 5, ""5"": 44, ""6"": 14, ""4"": 49, ""11"": 22, ""14"": 8, ""3"": 69, ""10"": 8, ""7"": 12, ""9"": 8, ""8"": 8, ""2"": 103, ""1"": 109}"
NCP1/p_f=0.39/n=500/seed=174,500,0.39,174,13,13,9.136,"{""13"": 52, ""6"": 37, ""9"": 27, ""11"": 7, ""2"": 68, ""12"": 7, ""10"": 3, ""5"": 27, ""7"": 39, ""4"": 49, ""8"": 15, ""3"": 71, ""1"": 98}"
NCP1/p_f=0.39/n=500/seed=175,500,0.39,175,15,15,9.4,"{""12"": 13, ""15"": 41, ""5"": 31, ""3"": 61, ""8"": 15, ""13"": 11, ""10"": 11, ""9"": 12, ""2"": 89, ""11"": 13, ""7"": 24, ""6"": 38, ""4"": 35, ""14"": 5, ""1"": 101}"
NCP1/p_f=0.39/n=500/seed=176,500,0.39,176,12,12,8.136,"{""12"": 37, ""11"": 12, ""8"": 15, ""9"": 29, ""6"": 26, ""10"": 7, ""4"": 37, ""2"": 88, ""3"": 76, ""7"": 33, ""5"": 40, ""1"": 100}"
NCP1/p_f=0.39/n=500/seed=177,500,0.39,177,12,12,8.92,"{""12"": 54, ""6"": 28, ""9"": 13, ""8"": 19, ""11"": 16, ""10"": 18, ""7"": 26, ""3"": 55, ""4"": 39, ""1"": 95, ""5"": 38, ""2"": 99}"
NCP1/p_f=0.39/n=500/seed=178,500,0.39,178,11,11,7.76,"{""11"": 62, ""10"": 24, ""9"": 7, ""8"": 11, ""4"": 44, ""5"": 35, ""6"": 20, ""7"": 20, ""2"": 97, ""3"": 64, ""1"": 116}"
NCP1/p_f=0.39/n=500/seed=179,500,0.39,179,11,11,7.776,"{""11"": 33, ""10"": 14, ""9"": 35, ""8"": 21, ""6"": 37, ""3"": 42, ""5"": 37, ""2"": 111, ""7"": 11, ""4"": 47, ""1"": 112}"
NCP1/p_f=0.39/n=1000/seed=180,1000,0.39,180,20,20,10.374,"{""20"": 53, ""19"": 29, ""18"": 8, ""15"": 8, ""1"": 211, ""4"": 73, ""2"": 178, ""8"": 25, ""11"": 18, ""7"": 31, ""12"": 18, ""5"": 80, ""6"": 52, ""13"": 18, ""9"": 23, ""3"": 128, ""17"": 7, ""10"": 26, ""14"": 10, ""16"": 4}"
NCP1/p_f=0.39/n=1000/seed=181,1000,0.39,181,14,14,8.078,"{""12"": 33, ""14"": 53, ""13"": 10, ""11"": 14, ""9"": 34, ""8"": 31, ""4"": 98, ""10"": 12, ""3"": 156, ""7"": 27, ""2"": 182, ""6"": 42, ""5"": 90, ""1"": 218}"
NCP1/p_f=0.39/n=1000/seed=182,1000,0.39,182,13,13,8.042,"{""13"": 43, ""12"": 38, ""11"": 15, ""10"": 16, ""9"": 47, ""7"": 35, ""2"": 165, ""5"": 88, ""8"": 32, ""6"": 60, ""4"": 91, ""3"": 134, ""1"": 236}"
NCP1/p_f=0.39/n=1000/seed=183,1000,0.39,183,16,16,8.638,"{""14"": 24, ""16"": 30, ""6"": 33, ""13"": 17, ""11"": 21, ""15"": 3, ""9"": 49, ""12"": 22, ""10"": 26, ""8"": 49, ""4"": 97, ""3"": 129, ""5"": 56, ""7"": 28, ""2"": 182, ""1"": 234}"
NCP1/p_f=0.39/n=1000/seed=184,1000,0.39,184,16,16,8.8,"{""16"": 57, ""7"": 29, ""13"": 26, ""11"": 34, ""12"": 7, ""9"": 16, ""10"": 35, ""5"": 77, ""6"": 50, ""15"": 3, ""4"": 109, ""2"": 188, ""14"": 5, ""8"": 40, ""3"": 125, ""1"": 199}"
NCP1/p_f=0.39/n=1000/seed=185,1000,0.39,185,18,18,9.184,"{""18"": 28, ""17"": 5, ""15"": 18, ""16"": 29, ""3"": 115, ""11"": 14, ""14"": 12, ""5"": 50, ""6"": 48, ""10"": 40, ""9"": 43, ""4"": 108, ""13"": 15, ""12"": 24, ""7"": 31, ""2"": 175, ""8"": 18, ""1"": 227}"
NCP1/p_f=0.39/n=1000/seed=186,1000,0.39,186,18,18,9.396,"{""15"": 7, ""18"": 56, ""17"": 9, ""13"": 25, ""10"": 26, ""7"": 43, ""8"": 45, ""6"": 34, ""9"": 34, ""11"": 21, ""16"": 9, ""14"": 3, ""5"": 78, ""4"": 81, ""3"": 121, ""12"": 5, ""2"": 174, ""1"": 229}"
NCP1/p_f=0.39/n=1000/seed=187,1000,0.39,187,20,20,10.46,"{""20"": 56, ""18"": 2, ""15"": 12, ""16"": 17, ""12"": 16, ""19"": 5, ""10"": 31, ""2"": 182, ""11"": 24, ""7"": 52, ""13"": 25, ""6"": 49, ""9"": 35, ""8"": 38, ""4"": 68, ""5"": 66, ""3"": 127, ""1"": 188, ""14"": 4, ""17"": 3}"
NCP1/p_f=0.39/n=1000/seed=188,1000,0.39,188,16,16,9.118,"{""16"": 49, ""10"": 13, ""13"": 28, ""11"": 22, ""12"": 23, ""9"": 24, ""14"": 19, ""5"": 101, ""15"": 14, ""6"": 53, ""7"": 41, ""8"": 25, ""4"": 80, ""3"": 93, ""2"": 215, ""1"": 200}"
NCP1/p_f=0.39/n=1000/seed=189,1000,0.39,189,15,15,8.242,"{""15"": 25, ""14"": 26, ""13"": 27, ""12"": 13, ""11"": 26, ""5"": 64, ""9"": 37, ""3"": 145, ""8"": 37, ""10"": 21, ""4"": 129, ""6"": 30, ""7"": 27, ""2"": 176, ""1"": 217}"
NCP1/p_f=0.39/n=1000/seed=190,1000,0.39,190,17,17,8.902,"{""17"": 50, ""15"": 25, ""9"": 15, ""13"": 10, ""7"": 44, ""12"": 13, ""10"": 20, ""2"": 199, ""8"": 16, ""11"": 15, ""6"": 52, ""14"": 15, ""16"": 7, ""5"": 86, ""3"": 107, ""4"": 111, ""1"": 215}"
NCP1/p_f=0.39/n=1000/seed=191,1000,0.39,191,19,19,8.708,"{""19"": 47, ""17"": 11, ""16"": 14, ""12"": 17, ""18"": 7, ""13"": 14, ""15"": 8, ""10"": 11, ""8"": 30, ""5"": 69, ""14"": 5, ""7"": 18, ""11"": 7, ""3"": 130, ""4"": 103, ""6"": 48, ""2"": 191, ""9"": 22, ""1"": 248}"
NCP1/p_f=0.39/n=1000/seed=192,1000,0.39,192,15,15,8.77,"{""15"": 30, ""14"": 46, ""9"": 24, ""12"": 32, ""10"": 18, ""7"": 25, ""11"": 32, ""13"": 13, ""8"": 30, ""6"": 47, ""4"": 85, ""5"": 64, ""3"": 131, ""2"": 197, ""1"": 226}"
NCP1/p_f=0.39/n=1000/seed=193,1000,0.39,193,23,23,10.446,"{""21"": 7, ""23"": 53, ""15"": 15, ""10"": 22, ""19"": 6, ""12"": 20, ""16"": 12, ""22"": 3, ""8"": 36, ""6"": 65, ""5"": 53, ""14"": 17, ""7"": 20, ""1"": 222, ""4"": 91, ""13"": 9, ""18"": 7, ""11"": 8, ""9"": 24, ""3"": 132, ""17"": 6, ""2"": 169, ""20"": 3}"
NCP1/p_f=0.39/n=1000/seed=194,1000,0.39,194,19,19,9.16,"{""19"": 49, ""18"": 20, ""15"": 10, ""12"": 10, ""14"": 7, ""10"": 10, ""4"": 78, ""13"": 5, ""9"": 20, ""7"": 42, ""16"": 10, ""8"": 37, ""3"": 127, ""17"": 3, ""6"": 63, ""11"": 17, ""5"": 57, ""1"": 210, ""2"": 225}"
NCP1/p_f=0.39/n=1000/seed=195,1000,0.39,195,20,20,10.368,"{""20"": 79, ""14"": 15, ""9"": 16, ""11"": 24, ""7"": 30, ""6"": 57, ""10"": 15, ""19"": 4, ""16"": 7, ""17"": 3, ""12"": 18, ""3"": 128, ""5"": 60, ""4"": 88, ""13"": 7, ""8"": 64, ""2"": 162, ""18"": 1, ""15"": 9, ""1"": 213}"
NCP1/p_f=0.39/n=1000/seed=196,1000,0.39,196,19,19,10.216,"{""19"": 62, ""12"": 13, ""13"": 18, ""17"": 24, ""16"": 10, ""8"": 26, ""11"": 21, ""10"": 18, ""18"": 11, ""2"": 210, ""9"": 23, ""15"": 12, ""7"": 37, ""5"": 63, ""3"": 127, ""6"": 57, ""1"": 203, ""14"": 5, ""4"": 60}"
NCP1/p_f=0.39/n=1000/seed=197,1000,0.39,197,18,18,8.95,"{""18"": 46, ""17"": 16, ""14"": 10, ""13"": 14, ""7"": 24, ""8"": 27, ""11"": 15, ""9"": 24, ""10"": 11, ""4"": 113, ""5"": 88, ""3"": 99, ""16"": 11, ""15"": 4, ""12"": 19, ""6"": 54, ""2"": 199, ""1"": 226}"
NCP1/p_f=0.39/n=1000/seed=198,1000,0.39,198,17,17,8.536,"{""17"": 43, ""9"": 20, ""16"": 6, ""8"": 30, ""13"": 20, ""12"": 9, ""10"": 26, ""7"": 38, ""15"": 11, ""11"": 30, ""5"": 91, ""4"": 93, ""14"": 5, ""3"": 126, ""6"": 39, ""2"": 178, ""1"": 235}"
NCP1/p_f=0.39/n=1000/seed=199,1000,0.39,199,18,18,9.426,"{""17"": 10, ""13"": 16, ""18"": 56, ""16"": 16, ""12"": 10, ""9"": 13, ""7"": 41, ""11"": 13, ""8"": 37, ""6"": 53, ""5"": 77, ""15"": 5, ""14"": 11, ""10"": 36, ""4"": 99, ""3"": 142, ""1"": 189, ""2"": 176}"
NCP1/p_f=0.39/n=2000/seed=200,2000,0.39,200,20,20,8.996,"{""20"": 52, ""19"": 4, ""12"": 24, ""17"": 34, ""18"": 27, ""11"": 36, ""16"": 8, ""3"": 303, ""13"": 28, ""10"": 19, ""14"": 44, ""8"": 52, ""15"": 12, ""7"": 70, ""5"": 131, ""4"": 225, ""9"": 46, ""2"": 376, ""6"": 82, ""1"": 427}"
NCP1/p_f=0.39/n=2000/seed=201,2000,0.39,201,18,18,8.506,"{""18"": 50, ""14"": 37, ""16"": 11, ""9"": 49, ""7"": 119, ""12"": 18, ""11"": 48, ""4"": 219, ""10"": 54, ""15"": 14, ""13"": 25, ""5"": 104, ""8"": 72, ""6"": 90, ""3"": 260, ""17"": 10, ""2"": 373, ""1"": 447}"
NCP1/p_f=0.39/n=2000/seed=202,2000,0.39,202,21,21,9.805,"{""21"": 70, ""20"": 24, ""17"": 13, ""18"": 10, ""16"": 18, ""10"": 57, ""14"": 34, ""12"": 19, ""13"": 29, ""19"": 28, ""7"": 86, ""11"": 34, ""15"": 9, ""6"": 96, ""8"": 42, ""5"": 147, ""3"": 250, ""2"": 358, ""9"": 45, ""4"": 169, ""1"": 462}"
NCP1/p_f=0.39/n=2000/seed=203,2000,0.39,203,17,17,8.676,"{""17"": 68, ""15"": 38, ""14"": 43, ""9"": 68, ""8"": 48, ""16"": 20, ""6"": 90, ""13"": 24, ""10"": 26, ""4"": 203, ""3"": 252, ""12"": 21, ""11"": 28, ""7"": 72, ""5"": 163, ""2"": 389, ""1"": 447}"
NCP1/p_f=0.39/n=2000/seed=204,2000,0.39,204,25,25,9.716,"{""25"": 50, ""22"": 39, ""18"": 9, ""14"": 26, ""15"": 13, ""13"": 20, ""17"": 8, ""5"": 137, ""12"": 27, ""16"": 18, ""9"": 42, ""7"": 73, ""6"": 110, ""4"": 212, ""11"": 28, ""2"": 408, ""20"": 12, ""8"": 55, ""19"": 18, ""10"": 22, ""3"": 269, ""23"": 2, ""1"": 398, ""21"": 4}"
NCP1/p_f=0.39/n=2000/seed=205,2000,0.39,205,21,21,9.061,"{""20"": 27, ""21"": 35, ""18"": 34, ""10"": 55, ""14"": 27, ""19"": 7, ""15"": 14, ""16"": 19, ""11"": 16, ""5"": 145, ""9"": 46, ""6"": 94, ""8"": 79, ""13"": 19, ""3"": 284, ""7"": 79, ""12"": 14, ""17"": 10, ""4"": 188, ""2"": 367, ""1"": 441}"
NCP1/p_f=0.39/n=2000/seed=206,2000,0.39,206,21,21,9.061,"{""21"": 91, ""5"": 145, ""9"": 52, ""4"": 199, ""16"": 17, ""8"": 52, ""19"": 24, ""10"": 38, ""13"": 13, ""7"": 62, ""12"": 21, ""18"": 6, ""15"": 15, ""11"": 11, ""6"": 82, ""14"": 10, ""20"": 17, ""17"": 7, ""3"": 269, ""2"": 386, ""1"": 483}"
NCP1/p_f=0.39/n=2000/seed=207,2000,0.39,207,24,24,9.91,"{""24"": 70, ""22"": 24, ""16"": 9, ""18"": 26, ""11"": 45, ""21"": 6, ""7"": 76, ""13"": 14, ""4"": 170, ""15"": 20, ""10"": 42, ""3"": 262, ""12"": 15, ""8"": 62, ""19"": 4, ""5"": 140, ""9"": 46, ""14"": 20, ""20"": 8, ""6"": 77, ""23"": 11, ""2"": 407, ""1"": 441, ""17"": 5}"
NCP1/p_f=0.39/n=2000/seed=208,2000,0.39,208,20,20,9.002,"{""20"": 71, ""19"": 13, ""13"": 24, ""15"": 25, ""17"": 12, ""14"": 28, ""6"": 129, ""7"": 101, ""9"": 41, ""12"": 23, ""11"": 27, ""8"": 41, ""10"": 46, ""3"": 262, ""5"": 134, ""16"": 8, ""18"": 13, ""4"": 192, ""2"": 352, ""1"": 458}"
NCP1/p_f=0.39/n=2000/seed=209,2000,0.39,209,21,21,9.023,"{""21"": 52, ""20"": 11, ""17"": 11, ""15"": 13, ""18"": 22, ""14"": 17, ""19"": 27, ""7"": 58, ""16"": 17, ""13"": 27, ""11"": 32, ""10"": 58, ""4"": 211, ""9"": 45, ""5"": 116, ""6"": 87, ""3"": 287, ""8"": 49, ""12"": 12, ""2"": 372, ""1"": 476}"
NCP1/p_f=0.39/n=2000/seed=210,2000,0.39,210,24,24,9.863,"{""24"": 73, ""14"": 27, ""13"": 26, ""17"": 20, ""15"": 17, ""21"": 5, ""8"": 75, ""3"": 304, ""22"": 7, ""23"": 7, ""18"": 8, ""9"": 30, ""7"": 79, ""16"": 15, ""10"": 29, ""4"": 201, ""11"": 28, ""5"": 123, ""20"": 12, ""2"": 388, ""6"": 92, ""12"": 34, ""1"": 395, ""19"": 5}"
NCP1/p_f=0.39/n=2000/seed=211,2000,0.39,211,25,25,10.909,"{""25"": 64, ""16"": 38, ""22"": 28, ""14"": 22, ""17"": 14, ""23"": 7, ""18"": 17, ""21"": 32, ""20"": 16, ""11"": 35, ""1"": 457, ""12"": 16, ""7"": 42, ""8"": 75, ""10"": 31, ""2"": 378, ""13"": 27, ""9"": 44, ""15"": 17, ""5"": 135, ""19"": 7, ""4"": 163, ""24"": 12, ""6"": 78, ""3"": 245}"
NCP1/p_f=0.39/n=2000/seed=212,2000,0.39,212,21,21,8.982,"{""21"": 75, ""17"": 12, ""15"": 18, ""19"": 20, ""11"": 27, ""20"": 8, ""10"": 34, ""13"": 18, ""14"": 22, ""9"": 46, ""2"": 414, ""16"": 7, ""8"": 55, ""7"": 76, ""4"": 211, ""6"": 90, ""5"": 140, ""3"": 242, ""18"": 11, ""1"": 458, ""12"": 16}"
NCP1/p_f=0.39/n=2000/seed=213,2000,0.39,213,21,21,8.931,"{""21"": 76, ""13"": 23, ""20"": 22, ""12"": 32, ""10"": 28, ""15"": 13, ""7"": 83, ""17"": 14, ""19"": 13, ""8"": 39, ""3"": 267, ""9"": 32, ""5"": 119, ""4"": 243, ""18"": 10, ""2"": 408, ""14"": 12, ""16"": 11, ""11"": 18, ""6"": 77, ""1"": 460}"
NCP1/p_f=0.39/n=2000/seed=214,2000,0.39,214,20,20,9.276,"{""20"": 60, ""19"": 41, ""15"": 23, ""11"": 22, ""10"": 24, ""9"": 43, ""18"": 34, ""1"": 460, ""7"": 66, ""2"": 398, ""17"": 12, ""13"": 31, ""14"": 14, ""3"": 304, ""16"": 22, ""6"": 103, ""8"": 71, ""4"": 149, ""12"": 10, ""5"": 113}"
NCP1/p_f=0.39/n=2000/seed=215,2000,0.39,215,21,21,9.254,"{""21"": 60, ""19"": 27, ""20"": 8, ""17"": 24, ""4"": 187, ""16"": 23, ""11"": 31, ""14"": 17, ""13"": 33, ""12"": 31, ""6"": 109, ""7"": 59, ""9"": 28, ""8"": 47, ""10"": 39, ""5"": 137, ""1"": 429, ""3"": 343, ""2"": 349, ""15"": 11, ""18"": 8}"
NCP1/p_f=0.39/n=2000/seed=216,2000,0.39,216,23,23,9.914,"{""21"": 7, ""23"": 92, ""12"": 32, ""13"": 44, ""16"": 14, ""18"": 14, ""10"": 34, ""9"": 46, ""20"": 7, ""17"": 10, ""4"": 198, ""5"": 136, ""11"": 49, ""15"": 19, ""19"": 4, ""6"": 92, ""22"": 9, ""3"": 258, ""8"": 56, ""7"": 55, ""14"": 7, ""2"": 375, ""1"": 442}"
NCP1/p_f=0.39/n=2000/seed=217,2000,0.39,217,19,19,8.837,"{""19"": 66, ""15"": 36, ""18"": 34, ""9"": 33, ""11"": 13, ""17"": 10, ""4"": 209, ""13"": 40, ""16"": 12, ""12"": 16, ""10"": 35, ""7"": 85, ""6"": 126, ""5"": 155, ""8"": 36, ""2"": 339, ""3"": 291, ""14"": 6, ""1"": 458}"
NCP1/p_f=0.39/n=2000/seed=218,2000,0.39,218,18,18,8.45,"{""18"": 51, ""17"": 31, ""16"": 22, ""11"": 34, ""14"": 11, ""7"": 82, ""12"": 42, ""10"": 30, ""15"": 10, ""9"": 73, ""13"": 21, ""5"": 155, ""4"": 169, ""8"": 55, ""6"": 91, ""3"": 253, ""2"": 403, ""1"": 467}"
NCP1/p_f=0.39/n=2000/seed=219,2000,0.39,219,20,20,9.214,"{""20"": 71, ""19"": 35, ""15"": 25, ""18"": 21, ""13"": 23, ""10"": 42, ""5"": 138, ""9"": 30, ""12"": 31, ""16"": 9, ""7"": 54, ""2"": 373, ""8"": 66, ""6"": 71, ""17"": 10, ""14"": 15, ""4"": 203, ""3"": 313, ""11"": 25, ""1"": 445}"
NCP1/p_f=0.39/n=4000/seed=220,4000,0.39,220,27,27,10.194,"{""27"": 130, ""23"": 8, ""22"": 19, ""18"": 32, ""10"": 80, ""16"": 21, ""20"": 11, ""15"": 28, ""24"": 11, ""14"": 40, ""25"": 8, ""13"": 33, ""17"": 17, ""19"": 34, ""21"": 35, ""26"": 14, ""11"": 52, ""12"": 35, ""7"": 145, ""5"": 249, ""9"": 91, ""6"": 224, ""3"": 618, ""2"": 750, ""8"": 121, ""4"": 317, ""1"": 877}"
NCP1/p_f=0.39/n=4000/seed=221,4000,0.39,221,27,27,10.013,"{""27"": 92, ""25"": 24, ""24"": 19, ""23"": 22, ""19"": 42, ""14"": 33, ""22"": 32, ""16"": 42, ""18"": 29, ""21"": 14, ""9"": 88, ""12"": 53, ""5"": 263, ""13"": 34, ""6"": 209, ""15"": 50, ""17"": 27, ""11"": 30, ""10"": 75, ""7"": 111, ""3"": 542, ""4"": 299, ""2"": 834, ""8"": 111, ""1"": 918, ""26"": 1, ""20"": 6}"
NCP1/p_f=0.39/n=4000/seed=222,4000,0.39,222,23,23,9.079,"{""23"": 105, ""21"": 30, ""14"": 22, ""13"": 23, ""19"": 23, ""11"": 63, ""22"": 21, ""15"": 32, ""7"": 186, ""8"": 110, ""3"": 537, ""2"": 787, ""9"": 101, ""20"": 15, ""18"": 19, ""4"": 376, ""17"": 24, ""10"": 47, ""12"": 57, ""6"": 198, ""5"": 263, ""16"": 21, ""1"": 940}"
NCP1/p_f=0.39/n=4000/seed=223,4000,0.39,223,24,24,9.722,"{""24"": 122, ""23"": 18, ""22"": 20, ""13"": 36, ""16"": 33, ""20"": 24, ""12"": 71, ""10"": 66, ""11"": 50, ""8"": 148, ""17"": 38, ""21"": 10, ""5"": 290, ""18"": 16, ""9"": 91, ""7"": 166, ""14"": 36, ""6"": 184, ""15"": 34, ""4"": 415, ""3"": 553, ""19"": 10, ""2"": 749, ""1"": 820}"
NCP1/p_f=0.39/n=4000/seed=224,4000,0.39,224,19,19,9.438,"{""19"": 166, ""18"": 36, ""7"": 157, ""13"": 44, ""8"": 130, ""17"": 34, ""6"": 193, ""12"": 53, ""16"": 39, ""11"": 98, ""9"": 103, ""14"": 60, ""10"": 76, ""3"": 553, ""5"": 216, ""15"": 34, ""2"": 802, ""4"": 352, ""1"": 854}"
NCP1/p_f=0.39/n=4000/seed=225,4000,0.39,225,18,18,8.621,"{""18"": 92, ""16"": 28, ""17"": 51, ""14"": 53, ""12"": 83, ""13"": 46, ""11"": 74, ""10"": 93, ""15"": 42, ""9"": 67, ""8"": 121, ""6"": 192, ""7"": 186, ""5"": 257, ""2"": 749, ""4"": 373, ""3"": 621, ""1"": 872}"
NCP1/p_f=0.39/n=4000/seed=226,4000,0.39,226,25,25,9.562,"{""25"": 67, ""20"": 50, ""23"": 39, ""21"": 34, ""22"": 18, ""11"": 52, ""14"": 37, ""17"": 25, ""15"": 26, ""24"": 2, ""13"": 32, ""19"": 30, ""16"": 19, ""18"": 21, ""3"": 545, ""10"": 79, ""6"": 191, ""8"": 110, ""9"": 91, ""4"": 391, ""7"": 162, ""12"": 42, ""2"": 779, ""5"": 267, ""1"": 891}"
NCP1/p_f=0.39/n=4000/seed=227,4000,0.39,227,23,23,9.553,"{""23"": 79, ""18"": 38, ""10"": 79, ""22"": 72, ""20"": 12, ""17"": 22, ""16"": 41, ""9"": 103, ""6"": 157, ""12"": 52, ""14"": 42, ""4"": 387, ""7"": 142, ""15"": 34, ""13"": 32, ""11"": 66, ""3"": 582, ""21"": 12, ""19"": 24, ""8"": 123, ""5"": 241, ""2"": 784, ""1"": 876}"
NCP1/p_f=0.39/n=4000/seed=228,4000,0.39,228,28,28,9.935,"{""28"": 132, ""15"": 23, ""17"": 20, ""26"": 21, ""25"": 14, ""4"": 415, ""13"": 35, ""27"": 9, ""8"": 139, ""10"": 74, ""9"": 63, ""21"": 14, ""12"": 42, ""6"": 233, ""18"": 20, ""16"": 15, ""1"": 877, ""7"": 109, ""20"": 8, ""14"": 33, ""23"": 14, ""19"": 18, ""5"": 271, ""11"": 55, ""3"": 540, ""2"": 786, ""22"": 14, ""24"": 6}"
NCP1/p_f=0.39/n=4000/seed=229,4000,0.39,229,29,29,10.344,"{""29"": 78, ""28"": 15, ""22"": 12, ""27"": 32, ""25"": 15, ""11"": 67, ""15"": 30, ""16"": 22, ""23"": 19, ""18"": 17, ""21"": 42, ""14"": 54, ""19"": 25, ""17"": 40, ""13"": 50, ""20"": 7, ""9"": 66, ""10"": 60, ""5"": 291, ""8"": 85, ""3"": 516, ""6"": 203, ""12"": 51, ""4"": 366, ""7"": 169, ""2"": 759, ""1"": 894, ""26"": 8, ""24"": 7}"
NCP1/p_f=0.39/n=4000/seed=230,4000,0.39,230,23,23,9.779,"{""22"": 81, ""23"": 74, ""20"": 38, ""16"": 34, ""18"": 41, ""11"": 61, ""7"": 136, ""13"": 46, ""15"": 38, ""19"": 22, ""21"": 9, ""10"": 64, ""14"": 59, ""4"": 378, ""8"": 111, ""9"": 89, ""12"": 49, ""5"": 207, ""6"": 224, ""17"": 18, ""2"": 820, ""3"": 494, ""1"": 907}"
NCP1/p_f=0.39/n=4000/seed=231,4000,0.39,231,25,25,9.496,"{""24"": 28, ""25"": 59, ""12"": 62, ""15"": 34, ""19"": 30, ""9"": 99, ""17"": 26, ""20"": 54, ""14"": 42, ""5"": 292, ""16"": 42, ""21"": 13, ""6"": 197, ""3"": 553, ""18"": 17, ""2"": 732, ""4"": 417, ""8"": 101, ""7"": 167, ""10"": 64, ""11"": 65, ""23"": 4, ""1"": 854, ""13"": 46, ""22"": 2}"
NCP1/p_f=0.39/n=4000/seed=232,4000,0.39,232,28,28,9.452,"{""28"": 74, ""9"": 123, ""13"": 44, ""27"": 22, ""21"": 18, ""17"": 17, ""10"": 73, ""20"": 24, ""18"": 16, ""14"": 58, ""24"": 9, ""25"": 5, ""26"": 9, ""19"": 16, ""16"": 26, ""23"": 12, ""1"": 910, ""7"": 146, ""5"": 297, ""8"": 81, ""6"": 153, ""3"": 559, ""4"": 445, ""22"": 11, ""2"": 737, ""12"": 37, ""11"": 60, ""15"": 18}"
NCP1/p_f=0.39/n=4000/seed=233,4000,0.39,233,25,25,9.578,"{""25"": 68, ""23"": 29, ""24"": 43, ""19"": 44, ""20"": 27, ""21"": 19, ""17"": 21, ""18"": 18, ""14"": 41, ""15"": 27, ""16"": 26, ""10"": 63, ""5"": 271, ""13"": 41, ""8"": 94, ""9"": 61, ""11"": 64, ""22"": 13, ""3"": 543, ""12"": 43, ""6"": 211, ""7"": 135, ""4"": 434, ""1"": 887, ""2"": 777}"
NCP1/p_f=0.39/n=4000/seed=234,4000,0.39,234,25,25,9.274,"{""25"": 74, ""21"": 50, ""22"": 10, ""19"": 18, ""7"": 128, ""24"": 22, ""23"": 18, ""12"": 64, ""10"": 58, ""15"": 30, ""17"": 19, ""14"": 32, ""13"": 29, ""18"": 13, ""16"": 27, ""4"": 440, ""5"": 260, ""8"": 101, ""3"": 550, ""9"": 96, ""11"": 68, ""6"": 207, ""20"": 12, ""1"": 902, ""2"": 772}"
NCP1/p_f=0.39/n=4000/seed=235,4000,0.39,235,22,22,9.243,"{""22"": 49, ""21"": 61, ""20"": 19, ""4"": 344, ""9"": 90, ""5"": 281, ""19"": 34, ""13"": 43, ""16"": 48, ""15"": 38, ""17"": 42, ""6"": 236, ""14"": 39, ""12"": 34, ""10"": 67, ""8"": 97, ""7"": 154, ""3"": 553, ""11"": 92, ""18"": 15, ""2"": 757, ""1"": 907}"
NCP1/p_f=0.39/n=4000/seed=236,4000,0.39,236,24,24,9.159,"{""24"": 96, ""22"": 13, ""19"": 20, ""11"": 87, ""23"": 29, ""13"": 26, ""16"": 21, ""12"": 36, ""20"": 29, ""7"": 132, ""14"": 35, ""15"": 33, ""9"": 83, ""17"": 24, ""5"": 286, ""18"": 31, ""6"": 167, ""8"": 87, ""3"": 610, ""10"": 45, ""4"": 433, ""2"": 806, ""1"": 859, ""21"": 12}"
NCP1/p_f=0.39/n=4000/seed=237,4000,0.39,237,25,25,9.928,"{""25"": 129, ""20"": 21, ""14"": 36, ""10"": 92, ""21"": 12, ""15"": 28, ""13"": 61, ""17"": 20, ""9"": 119, ""12"": 44, ""2"": 783, ""24"": 15, ""18"": 37, ""6"": 176, ""19"": 23, ""8"": 108, ""11"": 55, ""16"": 25, ""22"": 8, ""5"": 273, ""7"": 127, ""23"": 17, ""4"": 401, ""3"": 530, ""1"": 860}"
NCP1/p_f=0.39/n=4000/seed=238,4000,0.39,238,27,27,9.893,"{""27"": 101, ""14"": 36, ""26"": 19, ""25"": 22, ""10"": 81, ""22"": 21, ""20"": 18, ""9"": 98, ""19"": 24, ""24"": 16, ""4"": 386, ""8"": 82, ""18"": 26, ""16"": 23, ""23"": 19, ""17"": 30, ""21"": 17, ""7"": 119, ""15"": 25, ""2"": 813, ""13"": 43, ""11"": 46, ""12"": 44, ""3"": 580, ""6"": 165, ""5"": 255, ""1"": 891}"
NCP1/p_f=0.39/n=4000/seed=239,4000,0.39,239,25,25,9.762,"{""25"": 46, ""24"": 81, ""18"": 16, ""22"": 26, ""14"": 24, ""23"": 28, ""21"": 28, ""11"": 63, ""16"": 25, ""13"": 24, ""15"": 31, ""17"": 16, ""19"": 22, ""12"": 65, ""10"": 64, ""20"": 20, ""5"": 271, ""6"": 184, ""3"": 585, ""9"": 132, ""8"": 101, ""4"": 352, ""7"": 137, ""1"": 913, ""2"": 746}"
